variant,feature,selector_importance,selected
legacy_baseline,numeric__merchant_previous_max_amount,0.08681037642340626,True
legacy_baseline,numeric__merchant_transactions_last_24_steps,0.06891736997799817,True
legacy_baseline,numeric__category_previous_max_amount,0.0637182346055458,True
legacy_baseline,numeric__merchant_transactions_last_6_steps,0.0634176229322446,True
legacy_baseline,numeric__merchant_previous_avg_amount,0.05974635901262294,True
legacy_baseline,numeric__merchant_transactions_per_step,0.056187271060038554,True
legacy_baseline,numeric__merchant_transactions_last_1_steps,0.05432821878908078,True
legacy_baseline,numeric__merchant_previous_std_amount,0.049619592073121034,True
legacy_baseline,numeric__category_previous_avg_amount,0.04410546050073284,True
legacy_baseline,numeric__category_transactions_last_6_steps,0.03835325591071886,True
legacy_baseline,numeric__merchant_transactions_last_3_steps,0.031152073372705424,True
legacy_baseline,numeric__merchant_received_per_step,0.029192887184068525,True
legacy_baseline,numeric__merchant_previous_transaction_count,0.028300193484004196,True
legacy_baseline,numeric__merchant_previous_min_amount,0.027063979682607403,True
legacy_baseline,numeric__category_transactions_last_24_steps,0.025665427175242516,True
legacy_baseline,numeric__category_transactions_per_step,0.02184100397267089,True
legacy_baseline,numeric__category_amount_last_1_steps,0.019954839431007388,True
legacy_baseline,numeric__log_amount,0.01889902907733874,True
legacy_baseline,numeric__category_previous_std_amount,0.017441099873657,True
legacy_baseline,numeric__category_transactions_last_1_steps,0.01681063847701099,True
legacy_baseline,numeric__amount,0.01300780714878652,True
legacy_baseline,numeric__merchant_amount_last_6_steps,0.012724494094646098,True
legacy_baseline,numeric__category_transactions_last_3_steps,0.01032947141666587,True
legacy_baseline,numeric__merchant_previous_total_received,0.009753187789241795,True
legacy_baseline,numeric__merchant_amount_last_3_steps,0.00894815323188051,True
legacy_baseline,numeric__category_previous_transaction_count,0.008716475351461405,True
legacy_baseline,numeric__customer_previous_std_spend,0.00808225707700721,True
legacy_baseline,numeric__category_amount_ratio,0.006796529251058363,True
legacy_baseline,numeric__customer_previous_avg_spend,0.006786617467355558,True
legacy_baseline,numeric__merchant_amount_last_24_steps,0.005513295173870169,True
legacy_baseline,categorical__category_es_transportation,0.005287177170823496,True
legacy_baseline,numeric__category_amount_per_step,0.005168207449986873,True
legacy_baseline,numeric__customer_previous_max_spend,0.005087050580618943,True
legacy_baseline,numeric__category_amount_last_3_steps,0.0050787720599273535,True
legacy_baseline,numeric__merchant_amount_ratio,0.0048779441960061735,True
legacy_baseline,numeric__category_previous_min_amount,0.004830407331072312,True
legacy_baseline,numeric__customer_spend_per_step,0.003937959283985623,True
legacy_baseline,numeric__customer_category_spend_share,0.003271976262207715,True
legacy_baseline,numeric__customer_amount_last_24_steps,0.00279872346297298,True
legacy_baseline,numeric__customer_amount_ratio,0.0027487153176659423,True
legacy_baseline,numeric__customer_category_previous_transaction_count,0.0027203749920139382,True
legacy_baseline,numeric__customer_transactions_per_step,0.002070860102071827,True
legacy_baseline,numeric__customer_previous_total_spend,0.0019526276881081442,True
legacy_baseline,numeric__customer_amount_last_6_steps,0.0019404683721641442,True
legacy_baseline,numeric__merchant_velocity_ratio,0.0018239860486992826,True
legacy_baseline,numeric__customer_amount_last_3_steps,0.001719173389438691,True
legacy_baseline,numeric__category_amount_last_24_steps,0.001717597212113949,True
legacy_baseline,numeric__customer_previous_transaction_count,0.0016986526880360708,True
legacy_baseline,numeric__category_previous_total_amount,0.0016023410725232176,True
legacy_baseline,numeric__customer_transactions_last_24_steps,0.0015835591071443928,True
legacy_baseline,numeric__customer_previous_min_spend,0.0014142121418471946,True
legacy_baseline,numeric__category_amount_last_6_steps,0.001350312430169928,True
legacy_baseline,numeric__customer_transactions_last_6_steps,0.0013214653684755849,True
legacy_baseline,numeric__customer_velocity_ratio,0.001215963115903476,True
legacy_baseline,numeric__merchant_recent_amount_ratio,0.0011972227941973472,True
legacy_baseline,numeric__merchant_amount_last_1_steps,0.0011517762873885264,True
legacy_baseline,numeric__category_velocity_ratio,0.0009232174081564897,True
legacy_baseline,numeric__customer_steps_since_last_transaction,0.0008868824433272414,False
legacy_baseline,numeric__category_recent_amount_ratio,0.0008409396421503808,False
legacy_baseline,numeric__hour_of_day,0.0008359415026894478,False
legacy_baseline,numeric__customer_transactions_last_3_steps,0.0007961110676518117,False
legacy_baseline,numeric__customer_recent_amount_ratio,0.0007800976529433914,False
legacy_baseline,numeric__customer_amount_last_1_steps,0.0007681762298632895,False
legacy_baseline,numeric__customer_category_transaction_share,0.0007681459935677919,False
legacy_baseline,numeric__customer_merchant_amount_ratio,0.0006869952710830926,False
legacy_baseline,numeric__customer_category_amount_ratio,0.0006701627935687973,False
legacy_baseline,numeric__day,0.0006192757008290648,False
legacy_baseline,numeric__customer_category_previous_max_amount,0.0005777688971962094,False
legacy_baseline,numeric__customer_merchant_transaction_share,0.0005021509269834823,False
legacy_baseline,numeric__customer_category_previous_avg_amount,0.00046342614965726837,False
legacy_baseline,numeric__customer_merchant_previous_max_amount,0.0004560620245850746,False
legacy_baseline,numeric__customer_category_previous_total_amount,0.0004360542418382123,False
legacy_baseline,numeric__customer_merchant_spend_share,0.00042799100725471204,False
legacy_baseline,numeric__customer_category_steps_since_last_transaction,0.0004120074906161912,False
legacy_baseline,categorical__category_es_health,0.00040275560268465113,False
legacy_baseline,numeric__customer_category_previous_min_amount,0.00039916048042443967,False
legacy_baseline,categorical__category_es_sportsandtoys,0.00038817697191894296,False
legacy_baseline,categorical__category_es_wellnessandbeauty,0.00033612181681551083,False
legacy_baseline,numeric__customer_merchant_previous_total_amount,0.00031931780486499654,False
legacy_baseline,numeric__customer_merchant_previous_avg_amount,0.0003074652709376421,False
legacy_baseline,numeric__customer_merchant_previous_min_amount,0.00030165356151405133,False
legacy_baseline,numeric__customer_merchant_steps_since_last_transaction,0.00027901992803936875,False
legacy_baseline,numeric__customer_transactions_last_1_steps,0.000271325441229007,False
legacy_baseline,numeric__customer_category_previous_std_amount,0.0002495008947949984,False
legacy_baseline,categorical__gender_F,0.00024706328666151424,False
legacy_baseline,categorical__category_es_hyper,0.00023178332086328378,False
legacy_baseline,categorical__gender_M,0.00021960761281918884,False
legacy_baseline,categorical__age_2,0.00020690330014490687,False
legacy_baseline,categorical__category_es_barsandrestaurants,0.00020018580572528775,False
legacy_baseline,categorical__age_3,0.0001995705181714001,False
legacy_baseline,categorical__category_es_tech,0.0001839019609294606,False
legacy_baseline,numeric__customer_merchant_previous_std_amount,0.00016729744676530954,False
legacy_baseline,categorical__age_4,0.00016242068286610785,False
legacy_baseline,categorical__age_1,0.00012704759902098815,False
legacy_baseline,categorical__age_5,0.000125119442523856,False
legacy_baseline,categorical__category_es_fashion,0.00012444990575872044,False
legacy_baseline,categorical__age_6,0.00012272369678088813,False
legacy_baseline,numeric__customer_merchant_previous_transaction_count,0.00012157122346040753,False
legacy_baseline,categorical__category_es_food,0.00011766451081981909,False
legacy_baseline,categorical__category_es_otherservices,0.00010163297979769123,False
legacy_baseline,categorical__category_es_home,8.340147812116451e-05,False
legacy_baseline,numeric__is_new_customer,6.93833449161819e-05,False
legacy_baseline,numeric__is_new_merchant,6.744440618216939e-05,False
legacy_baseline,numeric__is_new_category_for_customer,5.677223331667814e-05,False
legacy_baseline,categorical__category_es_contents,4.5403328513447726e-05,False
legacy_baseline,categorical__age_0,4.1388769910280173e-05,False
legacy_baseline,categorical__category_es_hotelservices,3.549687048050762e-05,False
legacy_baseline,numeric__is_new_merchant_for_customer,3.368122469009893e-05,False
legacy_baseline,categorical__category_es_leisure,3.2952429832328685e-05,False
legacy_baseline,categorical__gender_E,8.313415189151019e-06,False
legacy_baseline,categorical__age_U,6.256170382965889e-06,False
legacy_baseline,categorical__category_es_travel,3.816896764110884e-06,False
legacy_baseline,categorical__gender_U,9.497804703038812e-08,False
corrected_simulation_day,numeric__merchant_transactions_last_3_steps,0.06729485763582836,True
corrected_simulation_day,numeric__merchant_previous_max_amount,0.06623375211154632,True
corrected_simulation_day,numeric__merchant_transactions_last_6_steps,0.06487471651324846,True
corrected_simulation_day,numeric__category_previous_max_amount,0.06425081614123787,True
corrected_simulation_day,numeric__merchant_transactions_last_1_steps,0.06381236428758912,True
corrected_simulation_day,numeric__merchant_transactions_per_step,0.0607841593029737,True
corrected_simulation_day,numeric__category_previous_avg_amount,0.05627981662933107,True
corrected_simulation_day,numeric__merchant_previous_std_amount,0.04861295812452673,True
corrected_simulation_day,numeric__merchant_previous_avg_amount,0.04715221121987172,True
corrected_simulation_day,numeric__merchant_transactions_last_24_steps,0.03666703871384236,True
corrected_simulation_day,numeric__category_previous_std_amount,0.035586723269937455,True
corrected_simulation_day,numeric__category_transactions_last_1_steps,0.02902867319746466,True
corrected_simulation_day,numeric__category_transactions_per_step,0.026248165545733577,True
corrected_simulation_day,numeric__category_transactions_last_24_steps,0.02588587106189161,True
corrected_simulation_day,numeric__log_amount,0.021339693624968008,True
corrected_simulation_day,numeric__merchant_previous_transaction_count,0.020335871608080133,True
corrected_simulation_day,numeric__amount,0.020166478446103725,True
corrected_simulation_day,numeric__category_transactions_last_3_steps,0.01785142885792483,True
corrected_simulation_day,numeric__category_transactions_last_6_steps,0.014287551590113658,True
corrected_simulation_day,numeric__category_amount_per_step,0.0132404763211088,True
corrected_simulation_day,numeric__category_amount_last_6_steps,0.0126571254034311,True
corrected_simulation_day,categorical__category_es_transportation,0.012647223178777598,True
corrected_simulation_day,numeric__category_previous_min_amount,0.012317463573585586,True
corrected_simulation_day,numeric__merchant_previous_min_amount,0.010416614852956311,True
corrected_simulation_day,numeric__merchant_amount_last_3_steps,0.009155882852600866,True
corrected_simulation_day,numeric__merchant_amount_last_1_steps,0.008855017716509634,True
corrected_simulation_day,numeric__category_amount_last_1_steps,0.00883498362718296,True
corrected_simulation_day,numeric__category_previous_transaction_count,0.008626724425145013,True
corrected_simulation_day,numeric__customer_previous_avg_spend,0.007437079125402675,True
corrected_simulation_day,numeric__customer_category_transaction_share,0.007389919158212154,True
corrected_simulation_day,numeric__category_amount_ratio,0.007351606323742139,True
corrected_simulation_day,numeric__merchant_received_per_step,0.006867420056000061,True
corrected_simulation_day,numeric__customer_previous_std_spend,0.0064941927816702235,True
corrected_simulation_day,numeric__merchant_amount_last_6_steps,0.005595573201553391,True
corrected_simulation_day,numeric__merchant_amount_ratio,0.005537383967141067,True
corrected_simulation_day,numeric__category_amount_last_24_steps,0.005501564643630062,True
corrected_simulation_day,numeric__category_amount_last_3_steps,0.004856272750471263,True
corrected_simulation_day,numeric__customer_previous_max_spend,0.0045329463622514185,True
corrected_simulation_day,numeric__category_previous_total_amount,0.004404602295142745,True
corrected_simulation_day,numeric__customer_spend_per_step,0.003580934481974259,True
corrected_simulation_day,numeric__customer_category_spend_share,0.003184732656271424,True
corrected_simulation_day,numeric__customer_amount_last_24_steps,0.0026529945827332866,True
corrected_simulation_day,numeric__customer_amount_ratio,0.0025082282221094913,True
corrected_simulation_day,numeric__merchant_amount_last_24_steps,0.00217919636876452,True
corrected_simulation_day,numeric__customer_previous_total_spend,0.0020991744206917923,True
corrected_simulation_day,numeric__customer_transactions_per_step,0.0019546891356885046,True
corrected_simulation_day,numeric__customer_amount_last_6_steps,0.001893390385622968,True
corrected_simulation_day,numeric__merchant_velocity_ratio,0.0017804616395249878,True
corrected_simulation_day,numeric__customer_previous_min_spend,0.0016145406194262482,True
corrected_simulation_day,numeric__customer_previous_transaction_count,0.001578705739050418,True
corrected_simulation_day,numeric__customer_transactions_last_24_steps,0.001508724255514657,True
corrected_simulation_day,numeric__merchant_previous_total_received,0.0013320055578448081,True
corrected_simulation_day,numeric__customer_transactions_last_6_steps,0.0012650608810916427,True
corrected_simulation_day,numeric__customer_amount_last_3_steps,0.0012221962587645537,True
corrected_simulation_day,numeric__customer_velocity_ratio,0.0011480883869663594,True
corrected_simulation_day,numeric__merchant_recent_amount_ratio,0.0011337583028066436,True
corrected_simulation_day,numeric__simulation_day,0.0011088362634913264,False
corrected_simulation_day,numeric__category_velocity_ratio,0.0010430556353926651,False
corrected_simulation_day,numeric__customer_recent_amount_ratio,0.0008665694437307019,False
corrected_simulation_day,numeric__category_recent_amount_ratio,0.0008636342871292508,False
corrected_simulation_day,numeric__customer_amount_last_1_steps,0.0008521297017629942,False
corrected_simulation_day,numeric__customer_category_previous_avg_amount,0.0008270127230292037,False
corrected_simulation_day,numeric__customer_steps_since_last_transaction,0.0007694963880672468,False
corrected_simulation_day,numeric__customer_category_amount_ratio,0.0007503006138972546,False
corrected_simulation_day,numeric__customer_transactions_last_3_steps,0.0007457145801384504,False
corrected_simulation_day,numeric__customer_category_previous_max_amount,0.0006652442159425048,False
corrected_simulation_day,numeric__customer_merchant_amount_ratio,0.0005618787333775222,False
corrected_simulation_day,numeric__customer_category_previous_min_amount,0.00051014544958968,False
corrected_simulation_day,categorical__category_es_health,0.0004883348803662525,False
corrected_simulation_day,numeric__customer_category_steps_since_last_transaction,0.0004575570910767108,False
corrected_simulation_day,numeric__customer_merchant_transaction_share,0.0004460430250285989,False
corrected_simulation_day,numeric__customer_category_previous_total_amount,0.000434989815912825,False
corrected_simulation_day,numeric__customer_merchant_spend_share,0.0003916166998067856,False
corrected_simulation_day,numeric__customer_merchant_previous_max_amount,0.00038647235341794813,False
corrected_simulation_day,numeric__customer_merchant_previous_total_amount,0.00037861892851590826,False
corrected_simulation_day,categorical__category_es_sportsandtoys,0.0003544781891457778,False
corrected_simulation_day,numeric__customer_merchant_previous_min_amount,0.0003485894164898747,False
corrected_simulation_day,numeric__customer_merchant_previous_avg_amount,0.0002933273450061394,False
corrected_simulation_day,numeric__customer_category_previous_transaction_count,0.00029139028651487014,False
corrected_simulation_day,categorical__category_es_wellnessandbeauty,0.0002773244244274318,False
corrected_simulation_day,numeric__customer_merchant_steps_since_last_transaction,0.00026968497545909025,False
corrected_simulation_day,numeric__customer_category_previous_std_amount,0.00025709878420490494,False
corrected_simulation_day,numeric__customer_transactions_last_1_steps,0.0002535128862851742,False
corrected_simulation_day,categorical__gender_F,0.0002465698637445536,False
corrected_simulation_day,categorical__category_es_fashion,0.00024614997117729763,False
corrected_simulation_day,categorical__gender_M,0.00021706170787427938,False
corrected_simulation_day,categorical__age_2,0.00020885396066428974,False
corrected_simulation_day,categorical__age_3,0.00019853780221458584,False
corrected_simulation_day,numeric__customer_merchant_previous_std_amount,0.00017237838097903136,False
corrected_simulation_day,categorical__age_4,0.0001722794229320342,False
corrected_simulation_day,categorical__category_es_tech,0.00017223447548414856,False
corrected_simulation_day,categorical__category_es_food,0.0001526092311609239,False
corrected_simulation_day,categorical__age_5,0.00014834617563790924,False
corrected_simulation_day,categorical__age_6,0.0001348793820992219,False
corrected_simulation_day,categorical__age_1,0.0001300903737839818,False
corrected_simulation_day,categorical__category_es_otherservices,0.00012036994719413614,False
corrected_simulation_day,categorical__category_es_barsandrestaurants,0.0001121827017851952,False
corrected_simulation_day,numeric__customer_merchant_previous_transaction_count,0.00011091077718875124,False
corrected_simulation_day,categorical__category_es_hyper,0.00010331143861128324,False
corrected_simulation_day,categorical__category_es_home,8.826595126493126e-05,False
corrected_simulation_day,categorical__category_es_leisure,5.384343221865445e-05,False
corrected_simulation_day,numeric__is_new_category_for_customer,5.104674588224638e-05,False
corrected_simulation_day,categorical__age_0,4.212092183228332e-05,False
corrected_simulation_day,categorical__category_es_hotelservices,4.131000186117178e-05,False
corrected_simulation_day,numeric__is_new_customer,3.866565164027369e-05,False
corrected_simulation_day,numeric__is_new_merchant_for_customer,3.29978988202802e-05,False
corrected_simulation_day,categorical__category_es_contents,2.3619603893918828e-05,False
corrected_simulation_day,numeric__is_new_merchant,1.2121239666601416e-05,False
corrected_simulation_day,categorical__age_U,1.1363119595816499e-05,False
corrected_simulation_day,categorical__gender_E,7.48579820051193e-06,False
corrected_simulation_day,categorical__category_es_travel,6.989286108381072e-06,False
corrected_simulation_day,categorical__gender_U,2.4520570130680527e-07,False
no_direct_time,numeric__merchant_previous_max_amount,0.12380639355273712,True
no_direct_time,numeric__merchant_transactions_last_6_steps,0.08033430992681033,True
no_direct_time,numeric__merchant_transactions_last_3_steps,0.06889213347362222,True
no_direct_time,numeric__category_previous_avg_amount,0.05202278363420324,True
no_direct_time,numeric__merchant_transactions_per_step,0.04757101101616936,True
no_direct_time,numeric__merchant_transactions_last_24_steps,0.043720543898439664,True
no_direct_time,numeric__merchant_previous_std_amount,0.04271829263616741,True
no_direct_time,numeric__merchant_transactions_last_1_steps,0.04196911557877375,True
no_direct_time,numeric__merchant_previous_avg_amount,0.04018817665706798,True
no_direct_time,numeric__category_previous_max_amount,0.03973041360449077,True
no_direct_time,numeric__category_previous_std_amount,0.03407445291851593,True
no_direct_time,numeric__category_transactions_last_3_steps,0.030038254114299646,True
no_direct_time,numeric__merchant_previous_min_amount,0.02926622476564868,True
no_direct_time,numeric__category_transactions_last_24_steps,0.025798035634892604,True
no_direct_time,numeric__category_transactions_last_6_steps,0.021877607411335064,True
no_direct_time,numeric__amount,0.020959218712669484,True
no_direct_time,numeric__category_transactions_per_step,0.01898591460795258,True
no_direct_time,numeric__merchant_previous_transaction_count,0.01695401675873923,True
no_direct_time,numeric__log_amount,0.01608735069232219,True
no_direct_time,numeric__merchant_received_per_step,0.013622656563440128,True
no_direct_time,categorical__category_es_transportation,0.012930322596993634,True
no_direct_time,numeric__category_previous_transaction_count,0.012182733493665549,True
no_direct_time,numeric__merchant_amount_last_1_steps,0.012041115152682982,True
no_direct_time,numeric__category_amount_last_1_steps,0.009485445836367382,True
no_direct_time,numeric__merchant_amount_last_3_steps,0.009036758025379675,True
no_direct_time,numeric__category_transactions_last_1_steps,0.008800228003153434,True
no_direct_time,numeric__category_previous_min_amount,0.008202521458664205,True
no_direct_time,numeric__category_previous_total_amount,0.008056050409979535,True
no_direct_time,numeric__category_amount_ratio,0.007723089982239621,True
no_direct_time,numeric__customer_previous_avg_spend,0.006381256499431389,True
no_direct_time,numeric__merchant_amount_last_24_steps,0.005942671942443318,True
no_direct_time,numeric__merchant_amount_last_6_steps,0.0056610942756528514,True
no_direct_time,numeric__category_amount_per_step,0.005353014753928462,True
no_direct_time,numeric__category_amount_last_24_steps,0.005235249393826724,True
no_direct_time,numeric__customer_previous_std_spend,0.005109056131286603,True
no_direct_time,numeric__category_amount_last_6_steps,0.0051038127353087125,True
no_direct_time,numeric__customer_previous_max_spend,0.005048346825393224,True
no_direct_time,numeric__merchant_amount_ratio,0.004918700316123627,True
no_direct_time,numeric__customer_spend_per_step,0.0044133245168271945,True
no_direct_time,numeric__merchant_previous_total_received,0.004164551636237251,True
no_direct_time,numeric__customer_category_spend_share,0.0032265208833953487,True
no_direct_time,numeric__customer_amount_last_24_steps,0.0029028250394639837,True
no_direct_time,numeric__customer_amount_ratio,0.0022747036436279668,True
no_direct_time,numeric__customer_transactions_per_step,0.002189381319425936,True
no_direct_time,numeric__customer_amount_last_6_steps,0.0020090513881858315,True
no_direct_time,numeric__customer_previous_total_spend,0.0019316073393986675,True
no_direct_time,numeric__merchant_velocity_ratio,0.0018699595071094463,True
no_direct_time,numeric__category_amount_last_3_steps,0.0018154929286852731,True
no_direct_time,numeric__customer_previous_transaction_count,0.0017342896784672956,True
no_direct_time,numeric__customer_previous_min_spend,0.0015478561683511432,True
no_direct_time,numeric__customer_transactions_last_24_steps,0.0014254260108348682,True
no_direct_time,numeric__customer_amount_last_3_steps,0.0014191023726174007,True
no_direct_time,numeric__merchant_recent_amount_ratio,0.0012905286869225126,True
no_direct_time,numeric__customer_transactions_last_6_steps,0.00111846689425386,True
no_direct_time,numeric__category_recent_amount_ratio,0.001011454995053868,True
no_direct_time,numeric__customer_amount_last_1_steps,0.0010104606113767302,True
no_direct_time,numeric__customer_recent_amount_ratio,0.0009107118928484278,False
no_direct_time,numeric__customer_steps_since_last_transaction,0.0009051429980925895,False
no_direct_time,numeric__customer_transactions_last_3_steps,0.0009009957147718499,False
no_direct_time,numeric__category_velocity_ratio,0.0008710319308523118,False
no_direct_time,numeric__customer_velocity_ratio,0.0008580641598346772,False
no_direct_time,numeric__customer_category_transaction_share,0.0007337406290100492,False
no_direct_time,numeric__customer_category_amount_ratio,0.0006742442912937754,False
no_direct_time,categorical__category_es_food,0.0006680909146395361,False
no_direct_time,numeric__customer_category_previous_max_amount,0.0006488126152818734,False
no_direct_time,numeric__customer_merchant_amount_ratio,0.0005628137035314311,False
no_direct_time,numeric__customer_category_previous_avg_amount,0.000460914040070408,False
no_direct_time,numeric__customer_category_previous_min_amount,0.00045814979949950987,False
no_direct_time,numeric__customer_merchant_transaction_share,0.0004471540602390808,False
no_direct_time,numeric__customer_category_steps_since_last_transaction,0.0004220233969703573,False
no_direct_time,categorical__category_es_wellnessandbeauty,0.0004090685018340222,False
no_direct_time,numeric__customer_category_previous_total_amount,0.0003958288731950359,False
no_direct_time,categorical__category_es_health,0.00039068252815978576,False
no_direct_time,numeric__customer_merchant_spend_share,0.0003786990697983424,False
no_direct_time,numeric__customer_merchant_previous_total_amount,0.0003610588626849661,False
no_direct_time,numeric__customer_transactions_last_1_steps,0.00035157273295611743,False
no_direct_time,numeric__customer_merchant_previous_min_amount,0.0003432850496284204,False
no_direct_time,categorical__category_es_sportsandtoys,0.00033161407888796456,False
no_direct_time,numeric__customer_merchant_steps_since_last_transaction,0.0003148269852241572,False
no_direct_time,numeric__customer_merchant_previous_max_amount,0.00031435789370600566,False
no_direct_time,numeric__customer_merchant_previous_avg_amount,0.0002934727573281332,False
no_direct_time,numeric__customer_category_previous_std_amount,0.0002894696338000648,False
no_direct_time,numeric__customer_category_previous_transaction_count,0.00024116263680833998,False
no_direct_time,categorical__gender_M,0.00023643842933903327,False
no_direct_time,categorical__gender_F,0.00021577156339552955,False
no_direct_time,categorical__age_2,0.00020310388342381112,False
no_direct_time,categorical__category_es_tech,0.0001995686198248388,False
no_direct_time,categorical__age_3,0.00019143926934508436,False
no_direct_time,numeric__customer_merchant_previous_std_amount,0.00017050831811223695,False
no_direct_time,categorical__category_es_fashion,0.0001626883714355972,False
no_direct_time,categorical__age_4,0.00015452279215272927,False
no_direct_time,categorical__category_es_hyper,0.0001473731563445053,False
no_direct_time,categorical__age_5,0.00014130585574221,False
no_direct_time,categorical__age_6,0.00013038071568534756,False
no_direct_time,categorical__age_1,0.00011658921361227909,False
no_direct_time,numeric__customer_merchant_previous_transaction_count,0.00011473227427966116,False
no_direct_time,categorical__category_es_otherservices,0.00010842681015942297,False
no_direct_time,categorical__category_es_home,9.580555447515692e-05,False
no_direct_time,categorical__category_es_barsandrestaurants,9.40063988609125e-05,False
no_direct_time,categorical__category_es_leisure,8.86232731147602e-05,False
no_direct_time,numeric__is_new_customer,6.544235001608038e-05,False
no_direct_time,numeric__is_new_merchant_for_customer,6.325807007579035e-05,False
no_direct_time,numeric__is_new_category_for_customer,4.6124306174953955e-05,False
no_direct_time,categorical__age_0,4.1263440399368206e-05,False
no_direct_time,categorical__category_es_hotelservices,3.888581960474121e-05,False
no_direct_time,categorical__category_es_contents,1.927956027438796e-05,False
no_direct_time,categorical__category_es_travel,1.7222792723030416e-05,False
no_direct_time,categorical__age_U,8.958060263533802e-06,False
no_direct_time,categorical__gender_E,6.409858082933775e-06,False
no_direct_time,numeric__is_new_merchant,1.4770937359707485e-06,False
no_direct_time,categorical__gender_U,2.6787346153233235e-08,False
